Reference,Qty,Value,DNP,Exclude from BOM,Exclude from Board,Footprint,Number,Part,component,LCSC number,Qty 2x Boards,Order,Total Price,,Do Not Order,Extra,,,,,,,,
"C1,C11,C12,C13,C14,C16,C18,C19,C20,C21,C22,C23,C24,C25,C26,C31,C32,C33,C34,C46,C47,C49,C50,C52,C53,C55,C56,C58,C59,C61,C62,C63,C64,C65,C66,C67,C68,C69,C70,C76,C77,C78,C79,C80,C81,C83,C85,C86,C87,C93,C94,C95",52,100n,,,,Capacitor_SMD:C_0603_1608Metric,1,Capacitor 100n 50V,CC0603KRX7R9BB104,C14663,104,200, € 0.38 ,,,,,,,,,,,
"C2,C9,C10,C15,C17,C41,C42,C43,C44,C45,C82",11,4μ7,,,,Capacitor_SMD:C_0805_2012Metric,2,Capacitor 4μ7 50V,CL21A475KBQNNNE,C98192,22,50, € 0.86 ,,,,,,,,,,,
"C3,C5",2,470n 10V,,,,Capacitor_SMD:C_0805_2012Metric,3,Capacitor 470n 10V,VJ0805Y474KXQTW1BC,C2177586 ,4,5, € 0.26 ,,,,,,,,,,,
C4,1,220μ 10V,,,,Capacitor_Tantalum_SMD:CP_EIA-7343-43_Kemet-X,4,Capacitor 220μ 10V,593D227X0010E2TE3,C1952898,2,2, € 0.85 ,,,,,,,,,,,
C6,1,470n 100V,,,,Capacitor_SMD:C_1210_3225Metric,5,Capacitor 470n 100V,VJ1210Y474KXBAT,C2313088 ,2,3, € 1.27 ,,,,,,,,,,,
C7,1,4μ7 100V,,,,Capacitor_SMD:C_1210_3225Metric,6,Capacitor 4μ7 100V,C3225X7S2A475KT003S,C694475 ,2,5, € 2.03 ,,,,,,,,,,,
C8,1,2μ2 16V,,,,Capacitor_SMD:C_0603_1608Metric,7,Capacitor 2μ2 16V,C1608X5R1C225KT000N,C76612 ,2,5, € 0.16 ,,,,,,,,,,,
"C27,C28,C48,C51,C54,C57,C60",7,100μ,,,,Capacitor_SMD:CP_Elec_10x10,8,Capacitor 100μ 63V,RVT1J101M1010,C72481,14,20, € 1.61 ,,,,,,,,,,,
"C29,C30",2,10μ,,,,Capacitor_SMD:CP_Elec_6.3x5.8,9,Capacitor 10μ 63V,EEEFK1J100P,C128459,4,5, € 0.64 ,,,,,,,,,,,
C35,1,10n,,,,Capacitor_SMD:C_0603_1608Metric,10,Capacitor 10n 50V,CC0603KRX7R9BB103,C100042,2,100, € 0.20 ,,,,,,,,,,,
"C36,C37,C38,C39,C40",5,470n,,,,Capacitor_SMD:C_0603_1608Metric,11,Capacitor 470n 50V,CC0603KRX7R9BB474,C513577,10,50, € 0.38 ,,,,,,,,,,,
"C71,C72,C73,C74,C75",5,22n,,,,Capacitor_SMD:C_0603_1608Metric,12,Capacitor 22n 50V,CC0603KRX7R9BB223,C106222,10,100, € 0.27 ,,,,,,,,,,,
"C84,C88",2,1μ,,,,Capacitor_SMD:C_0603_1608Metric,13,Capacitor 1μ 50V,CL10A105KB8NNNC,C15849,4,50, € 0.23 ,,,,,,,,,,,
"C89,C90",2,8pF,,,,Capacitor_SMD:C_0603_1608Metric,14,Capacitor 8p 50V,CL10C080DB81PNC,C346204,4,50, € 0.44 ,,,,,,,,,,,
"C91,C92",2,2μ2,,,,Capacitor_SMD:C_0603_1608Metric,15,Capacitor 2μ2 50V,CL10A225KB8NNNC,C913904,4,50, € 0.94 ,,,,,,,,,,,
"D1,D26",2,LED_R,,,,LED_SMD:LED_0603_1608Metric,16,Led Red,A-SP192XR5C-A01-4T,C19171307,4,20, € 0.38 ,,,,,,,,,,,
D2,1,DSK24L,,,,Diode_SMD:D_SOD-123F,17,Diode Low Forward Voltage,DSK24L,C19272974,2,10, € 0.50 ,,,,,,,,,,,
"D3,D4",2,LED_G,,,,LED_SMD:LED_0603_1608Metric,18,Led Green,A-SP192DGHC-C01-4T,C19171301,4,20, € 0.40 ,,,,,,,,,,,
"D5,D8,D9,D12",4,SMBJ64A,,,,SamacSys_Parts:DIOM5436X250N,19,Diode Clamp,SMBJ64A,C19077594,8,10, € 0.44 ,,,,,,,,,,,
"D6,D7,D10,D11",4,LED_B,,,,LED_SMD:LED_0603_1608Metric,20,Led Blue,A-SP192DB1C-C01-4T,C5355419,8,20, € 0.57 ,,,,,,,,,,,
"D13,D16,D19,D22",4,LED_YG,,,,LED_SMD:LED_0603_1608Metric,21,Led Yellow Green,A-SP192DG2C-C01-4T,C5151486,8,20, € 0.47 ,,,,,,,,,,,
"D14,D17,D20,D23",4,1N5819,,,,Diode_SMD:D_SOD-323,22,Diode Schottky,1N5819WS,C191023,8,50, € 0.42 ,,,,,,,,,,,
"D15,D18,D21,D24,D27",5,1N4148,,,,Diode_SMD:D_SOD-523,23,Diode,1N4148WT,C917006,10,100, € 0.50 ,,,,,,,,,,,
"D25,D28",2,BAT54KFILM,,,,Diode_SMD:D_SOD-523,24,Diode Schottky,BAT54KFILM,C283259,4,10, € 0.68 ,,,,,,,,,,,
"F1,F2",2,XF-508P-B-B,,,,LCSC:FUSE-TH_4P-L16.0-W6.7,25,Fuse Holder,XF-508P-B-B,C19727305,4,5, € 1.01 ,,,,,,,,,,,
IC1,1,LM76005RNPR,,,,SamacSys_Parts:QFN50P400X600X80-31N-D,26,DC/DC Converter IC,LM76005QRNPRQ1,C2873394,2,2, € 9.59 ,,,,,,,,,,,
J1,1,USB_A,,,,LCSC:USB-A-TH_USB-302-T,27,USB_A,USB-302-T,C112456,2,2, € 0.21 ,,,,,,,,,,,
J2,1,USB_C_Receptacle_USB2.0_14P,,,,LCSC:USB-C_SMD-TYPE-C-31-M-12_1,28,USB_C,TYPE-C-31-M-12,C165948,2,5, € 0.78 ,,,,,,,,,,,
"J3,J4,J5,J6,J33,J36,J39",7,Conn_01x02,,,,Connector_JST:JST_XH_B2B-XH-A_1x02_P2.50mm_Vertical,29,2 Pin JST_XH,B2B-XH-A(LF)(SN),C158012,14,20, € 0.62 ,,,,,,,,,,,
"J7,J8,J9,J10",4,Conn_01x02,,,,LCSC:CONN-TH_2P-P5.08_2EDG-5.08-2AW,30,2 Pin Header,1923869,C5443585,8,1, € 0.53 ,,x,I have these at home,,,,,,,,
"J11,J12",2,Conn_02x08_Odd_Even,,,,Connector_PinSocket_2.54mm:PinSocket_2x08_P2.54mm_Vertical,31,2x8 Pin Socket,PM2.54-2X8PM-H85,C42431844,4,10, € 0.58 ,,,,,,,,,,,
"J13,J14,J15",3,Conn_01x04,,,,Connector_PinSocket_2.54mm:PinSocket_1x04_P2.54mm_Vertical,32,1x4 Pin Socket,PM2.54-1X4PM-H85,C42431839,6,10, € 0.55 ,,,,,,,,,,,
"J16,J17,J18,J19",4,Conn_01x03,,,,Connector_JST:JST_XH_B3B-XH-A_1x03_P2.50mm_Vertical,33,3 Pin JST_XH,B3B-XH-A(LF)(SN),C144394,8,10, € 0.41 ,,,,,,,,,,,
"J20,J21",2,Faston,,,,LCSC:CONN-TH_63849-1,34,Faston,63849-1,C86469,4,10, € 0.58 ,,,,,,,,,,,
J22,1,Mini-DIN-4,,,,LCSC:CONN-TH_DIN-422,35,4 Pin Power In Connector,DIN-422,C2939341,2,5, € 1.25 ,,,,,,,,,,,
J23,1,Conn_01x02,,,,LCSC:CONN-TH_MKDS3-2-5.08,36,2 Pin Screw Terminal,1711725,C89120,2,2, € 1.80 ,,,,,,,,,,,
"J24,J25",2,Conn_01x02,,,,Connector_PinHeader_2.54mm:PinHeader_1x02_P2.54mm_Vertical,37,1x2 Pin Header,PH2.54-1X2P-H25,C42431798,4,50, € 0.26 ,,,,,,,,,,,
"J26,J27,J28,J29,J30",5,Conn_01x04,,,,Connector_JST:JST_XH_B4B-XH-A_1x04_P2.50mm_Vertical,38,4 Pin JST_XH,B4B-XH-A(LF)(SN),C144395,10,20, € 0.90 ,,,,,,,,,,,
J31,1,Conn_01x06_Pin,,,,Connector_PinHeader_2.54mm:PinHeader_1x06_P2.54mm_Vertical,39,1x6 Pin Header,PZ2.54-1X6P-H25,C42431790,2,20, € 0.20 ,,,,,,,,,,,
"J32,J35,J38",3,Conn_01x03,,,,Connector_PinSocket_2.54mm:PinSocket_1x03_P2.54mm_Vertical,40,1x3 Pin Socket,PM2.54-1X3P-H85,C42431866,6,10, € 0.26 ,,,,,,,,,,,
"J34,J37,J40",3,Conn_01x02,,,,Connector_PinSocket_2.54mm:PinSocket_1x02_P2.54mm_Vertical,41,1x2 Pin Socket,PM2.54-1X2PM-H85,C42431841,6,10, € 0.54 ,,,,,,,,,,,
K1,1,G2RL-1A-E,,,,Relay_THT:Relay_SPST_Omron_G2RL-1A-E,42,Relay,G2RL-1A-E DC5,C397259,2,2, € 5.47 ,,,,,,,,,,,
L1,1,6.8μ,,,,Inductor_SMD:L_Vishay_IHLP-4040,43,Inductor,IHLP4040DZER6R8M01,C845080,2,2, € 1.66 ,,,,,,,,,,,
"Q1,Q2,Q3,Q4",4,NVMFWS4D5N08XT1G,,,,SamacSys_Parts:NVMFS5C460NWFT1G,44,Mosfet,NVMFWS4D5N08XT1G,C29841638,8,10, € 15.58 ,,,,,,Vin,Vmin,Vmax,Vavg.,mA,R
"Q5,Q6,Q7,Q8",4,BC817,,,,Package_TO_SOT_SMD:SOT-23,45,Transistor NPN,"BC817-40,215",C52801,8,20, € 0.61 ,,,,,Led Red,3.3,1.6,2.1,1.85,5,290
Q9,1,BC807,,,,Package_TO_SOT_SMD:SOT-23,46,Transistor PNP,"BC807-40,215",C57316,2,20, € 0.56 ,,,,,Led Blue,3.3,2.6,3.2,2.9,5,80
R1,1,47k,,,,Resistor_SMD:R_0603_1608Metric,47,Resistor 47k,RC0603FR-0747KL,C105579,2,100, € 0.12 ,,,,,Led Green,3.3,2.4,3,2.7,5,120
"R2,R52",2,620R,,,,Resistor_SMD:R_0603_1608Metric,48,Resistor 620R,RC0603FR-07620RL,C137695,4,100, € 0.12 ,,,,,Led Yellow Green,3.3,2.3,2.3,2.3,5,200
"R3,R4",2,5k1,,,,Resistor_SMD:R_0603_1608Metric,49,Resistor 5k1,RC0603FR-075K1L,C105580,4,100, € 0.13 ,,,,,Led Red,5,1.6,2.1,1.85,5,630
R5,1,120R,,,,Resistor_SMD:R_0603_1608Metric,50,Resisitor 120R,RC0603FR-07120RL,C114640,2,100, € 0.13 ,,,,,Led Blue,5,2.6,3.2,2.9,5,420
"R6,R35,R39,R43,R47,R54",6,470R,,,,Resistor_SMD:R_0603_1608Metric,51,Resistor 470R,RC0603FR-07470RL,C114669,12,100, € 0.13 ,,,,,Led Green,5,2.4,3,2.7,5,460
"R7,R8,R24,R25,R32,R33",6,100k,,,,Resistor_SMD:R_0603_1608Metric,52,Resistor 100k,RT0603BRE07100KL,C326758,12,20, € 0.38 ,,,,,Led Yellow Green,5,2.3,2.3,2.3,5,540
R9,1,24k9,,,,Resistor_SMD:R_0603_1608Metric,53,Resistor 24k9,RT0603BRE0724K9L,C861775,2,50, € 0.92 ,,,,,,,,,,,
"R10,R12,R14,R16,R73",5,4k7,,,,Resistor_SMD:R_0603_1608Metric,54,Resistor 4k7,RC0603FR-074K7L,C99782,10,100, € 0.12 ,,,,,,,,,,,
"R11,R13,R15,R17,R51,R53,R55,R72",8,1k,,,,Resistor_SMD:R_0603_1608Metric,55,Resistor 1k,RC0603FR-071KL,C22548,16,100, € 0.12 ,,,,,,,,,,,
"R18,R19,R26,R27",4,430R,,,,Resistor_SMD:R_0603_1608Metric,56,Resistor 430R,RC0603FR-07430RL,C137721,8,100, € 0.12 ,,,,,,,,,,,
"R20,R22,R28,R30",4,100R,,,,Resistor_SMD:R_0603_1608Metric,57,Resistor 100R,RC0603FR-07100RL,C105588,8,100, € 0.12 ,,,,,,,,,,,
"R21,R23,R29,R31",4,10R,,,,Resistor_SMD:R_0805_2012Metric,58,Resistor 10R,RC0805FR-0710RL,C96347,8,100, € 0.46 ,,,,,,,,,,,
"R34,R38,R42,R46",4,536R,,,,Resistor_SMD:R_0603_1608Metric,59,Resistor 536R,RC0603FR-07536RL,C245976,8,100, € 0.13 ,,,,,,,,,,,
"R36,R37,R40,R41,R44,R45,R48,R49",8,1k8,,,,Resistor_SMD:R_0603_1608Metric,60,Resistor 1k8,RC0603FR-071K8L,C185354,16,100, € 0.12 ,,,,,,,,,,,
"R50,R71",2,10k,,,,Resistor_SMD:R_0603_1608Metric,61,Resistor 10k,RC0603FR-0710KL,C98220,4,100, € 0.12 ,,,,,,,,,,,
"R56,R57,R58,R59,R60",5,10R,,,,Resistor_SMD:R_0603_1608Metric,62,Resistor 10R,RC0603FR-0710RL,C109318,10,100, € 0.27 ,,,,,,,,,,,
"R61,R62,R63,R64,R65,R66,R67,R68,R69,R70",10,0.120R,,,,Resistor_SMD:R_1206_3216Metric,63,Resistor Current Sense 0.120R,FBF06FTPR120-00L,C382272,20,40, € 0.82 ,,,,,,,,,,,
S1,1,STMPS2141STR,,,,SamacSys_Parts:SOT95P280X145-5N,64,USB_A_PWR Regulator,STMPS2141STR,C54624,2,5, € 1.49 ,,,,,,,,,,,
SW1,1,SW_SPST,,,,LCSC:SW-TH_SDDJF31100,65,On PCB Rocker Switch,SDDJF31100,C380204,2,2, € 5.50 ,,,,,,,,,,,
"SW2,SW3",2,SW_Push,,,,SamacSys_Parts:B3F3120,66,Switch Push Button,B3F-3120,C231318,4,5, € 0.94 ,,,,,,,,,,,
U1,1,USBLC6-2SC6,,,,Package_TO_SOT_SMD:SOT-23-6,67,USB_A Protection,USBLC6-2SC6,C7519,2,5, € 0.58 ,,,,,,,,,,,
U2,1,AP7361C-33E,,,,Package_TO_SOT_SMD:SOT-223-3_TabPin2,68,3.3V Regulator,AP7361C-33E-13,C500795,2,5, € 1.07 ,,,,,,,,,,,
"U3,U4",2,TC4427xOA,,,,Package_SO:SOIC-8_3.9x4.9mm_P1.27mm,69,Gate Driver,TC4427EOA,C636891,4,5, € 5.70 ,,,,,,,,,,,
U5,1,SN74LV4T125,,,,Package_SO:TSSOP-14_4.4x5mm_P0.65mm,70,Level Shifter,SN74LV4T125PWR,C90755,2,3, € 1.78 ,,,,,,,,,,,
U6,1,NE555D,,,,Package_SO:SOIC-8_3.9x4.9mm_P1.27mm,71,555,NE555DR,C7593,2,5, € 0.43 ,,,,,,,,,,,
"U7,U8,U9,U10,U11",5,TMC2130-TA,,,,Package_QFP:TQFP-48-1EP_7x7mm_P0.5mm_EP5x5mm_ThermalVias,72,Stepper Motor Drivers,TMC2130-TA-T,C328952,10,10, € 43.49 ,,,,,,,,,,,
U12,1,STM32H743VITx,,,,Package_QFP:LQFP-100_14x14mm_P0.5mm,73,Microcontroller,STM32H743VIT6,C114409,2,2, € 12.25 ,,,,,,,,,,,
Y1,1,25MHz,,,,Crystal:Crystal_SMD_3225-4Pin_3.2x2.5mm,74,25MHz Crystal,NX3225GA-25.000M-STD-CRG-2,C1985619,2,5, € 1.23 ,,,,,,,,,,,
,,,,,,,,,,,,,,,,,,,,,,,,
Thermister boards,,,,,,,,,,,,,,,,,,,,,,,,
,,,,,,,,,,,,,,,,,,,,,,,,
"C1,C2,C3,C4,C6",5,100n,,,,Capacitor_SMD:C_0603_1608Metric,101,Capacitor 100n 50V,CC0603KRX7R9BB104,C14663,15,x,x,,,,,,,,,,,
C5,1,1µ,,,,Capacitor_SMD:C_0603_1608Metric,102,Capacitor 1μ 50V,CL10A105KB8NNNC,C15849,3,x,x,,,,,,,,,,,
"J1,J4",2,Conn_01x03,,,,Connector_PinHeader_2.54mm:PinHeader_1x03_P2.54mm_Vertical,103,1x3 Pin Header,PH2.54-1X3P-H25,C42431836,6,50, € 0.33 ,,,,,,,,,,,
"J2,J3",2,Conn_01x02,,,,Connector_PinHeader_2.54mm:PinHeader_1x02_P2.54mm_Vertical,104,1x2 Pin Header,PH2.54-1X2P-H25,C42431798,6,x,x,,,,,,,,,,,
"R1,R2",2,2k2,,,,Resistor_SMD:R_0603_1608Metric,105,Resistor 2k2,RC0603FR-072K2L,C114662,6,100, € 0.12 ,,,,,,,,,,,
"R3,R4,R8",3,10k,,,,Resistor_SMD:R_0603_1608Metric,106,Resistor 10k,RC0603FR-0710KL,C98220,9,x,x,,,,,,,,,,,
R5,1,5k49,,,,Resistor_SMD:R_0603_1608Metric,107,Resistor 5k49,RC0603FR-075K49L,C188263,3,100, € 0.07 ,,,,,,,,,,,
R6,1,100R,,,,Resistor_SMD:R_0603_1608Metric,108,Resistor 100R,RC0603FR-07100RL,C105588,3,x,x,,,,,,,,,,,
R7,1,100k,,,,Resistor_SMD:R_0603_1608Metric,109,Resistor 100k,RT0603BRE07100KL,C326758,3,x,x,,,,,,,,,,,
U1,1,INA826AIDRGR,,,,Package_SON:WSON-8-1EP_3x3mm_P0.5mm_EP1.45x2.4mm_ThermalVias,110,Amplifier,INA826AIDRGR,C2870890 ,3,4, € 8.39 ,,,,,,,,,,,
,,,,,,,,,,,,,,,,,,,,,,,,
Expansion board,,,,,,,,,,,,,,,,,,,,,,,,
,,,,,,,,,,,,,,,,,,,,,,,,
"J1,J2",2,Conn_02x08_Odd_Even,,,,Connector_PinHeader_2.54mm:PinHeader_2x08_P2.54mm_Vertical,201,2x8 Pin Header,PH2.54-2X8P-H25,C42431811,4,5, € 0.34 ,,,,,,,,,,,
"J3,J4",2,Conn_02x05_Odd_Even,,,,Connector_IDC:IDC-Header_2x05_P2.54mm_Vertical,202,2x5 Pin IDC box header,GPHA204-0502A001A1AC,C7434489,4,5, € 1.15 ,,,,,,,,,,,
"R1,R2",2,10k,,,,Resistor_SMD:R_0603_1608Metric,203,Resistor 10k,RC0603FR-0710KL,C98220,4,x,x,,,,,,,,,,,
,,,,,,,,,,,,,,,,,,,,,,,,
Stuff outside the pcb,,,,,,,,,,,,,,,,,,,,,,,,
,,,,,,,301,2 Pin Plug,1757019,C90073,,10, € 6.43 ,,,,,,,,,,,
,1,,,,,,302,Ext. Rocker Switch,SS11-BBIWG-R20-R,C309069,,5, € 1.14 ,,,,,,,,,,,
,1,,,,,,303,10A Fuse,0297010.WXNV,C151094,,5, € 0.44 ,Price in $,Price in $,,,,,,,,,
,1,,,,,,304,3A Fuse,0297003.WXNV,C151092,,5, € 0.55 ,,,,,,,,,,,
,3,,,,,,305,Temp Modules PCB,x,x,6,60,x,, $9.00 ,Stencil included. 12 boards per panel,,only 5 ordered,,,,,,
,1,,,,,,306,Expansion Card PCB,x,x,2,5,x,, $4.10 ,,,,,,,,,
,1,,,,,,307,Main PCB,,,2,5,x,, $41.00 ,Stencil included,,,,,,,,
,,,,,,,,,,,,,,,,,,,,,,,,
,,,,,,,,Cart LCSC,,,,,€156.58, $180.74 ,,Price changes a bit here and there with offers so its no 2 days the same,,,,,,,,
,300,,,,,,,Shipping LCSC,,,,,, $18.49 ,,,,,,,,,,
,,,,,,,,,,,,,,,,,,,,,,,,
,,,,,,,,Total LCSC,,,,,, $199.23 ,,,,,,,,,,
,,,,,,,,,,,,,,,,,,,,,,,,
,,,,,,,,,,,,,,,,,,,,,,,,
,,,,,,,,,,,,,,,,,,,,,,,,
,,,,,,,,Cart JLCPCB,,,,,,, $54.10 ,,,,,,,,,
,,,,,,,,Shipping JLCPCB,,,,,,, $35.21 ,,,,,,,,,
,,,,,,,,,,,,,,,,,,,,,,,,
,,,,,,,,Total JLCPCB,,,,,,, $89.31 ,,,,,,,,,
,,,,,,,,,,,,,,,,,,,,,,,,
,,,,,,,,Grant total,,,,,,, $288.54 ,,,,,,,,,
